timestamp_ms,market_slug,timeframe,time_till_end,seconds_till_end,up_best_bid,up_best_ask,down_best_bid,down_best_ask,up_spread,down_spread,up_bid_depth5,up_ask_depth5,down_bid_depth5,down_ask_depth5,up_imbalance,down_imbalance,up_microprice,down_microprice,arb_bid_sum_l1,arb_edge_l1
1782171002890,btc-updown-15m-1782171000,15m,14:58,898,0.42,0.43,0.56,0.57,0.010000000000000009,0.009999999999999898,310.79,1189.03,1161.71,536.1,-0.5855636009654492,0.36848057203102824,0.4254908821034776,0.5617528483786153,0.98,0.020000000000000018
1782171006186,btc-updown-15m-1782171000,15m,14:54,894,0.43,0.44,0.56,0.57,0.010000000000000009,0.009999999999999898,497.35,1370.21,1419.01,548.35,-0.4673798967636917,0.4425524560832791,0.4361850013065064,0.563969465648855,0.99,0.010000000000000009
1782171009475,btc-updown-15m-1782171000,15m,14:51,891,0.45,0.46,0.54,0.55,0.010000000000000009,0.010000000000000009,2203.01,703.91,746.91,1295.01,0.5157004664731056,-0.2684238363892807,0.45942199872839723,0.5411560025432056,0.99,0.010000000000000009
1782171012764,btc-updown-15m-1782171000,15m,14:48,888,0.45,0.46,0.54,0.55,0.010000000000000009,0.010000000000000009,2063.69,1070.56,1070.56,2085.69,0.31686368349684935,-0.3216253465346535,0.45470009176607995,0.545655475964443,0.99,0.010000000000000009
1782171016156,btc-updown-15m-1782171000,15m,14:44,884,0.45,0.46,0.54,0.55,0.010000000000000009,0.010000000000000009,2207.05,979.5600000000001,984.5600000000001,2187.05,0.38520245652903873,-0.3791418238686346,0.4558092024642863,0.5443363846380991,0.99,0.010000000000000009
1782171019468,btc-updown-15m-1782171000,15m,14:41,881,0.45,0.46,0.54,0.55,0.010000000000000009,0.010000000000000009,1952.9,1110.16,1115.16,1949.6,0.2751300986595104,-0.2722692804656808,0.45281319529582714,0.5473248333950389,0.99,0.010000000000000009
1782171022912,btc-updown-15m-1782171000,15m,14:38,878,0.42,0.43,0.57,0.58,0.010000000000000009,0.010000000000000009,762.2,2190.15,2042.58,635.88,-0.48366555455823323,0.5251898478976724,0.42752087463206584,0.5744964028776978,0.99,0.010000000000000009
1782171026257,btc-updown-15m-1782171000,15m,14:34,874,0.41,0.42,0.58,0.59,0.010000000000000009,0.010000000000000009,1016.88,939.49,934.49,1016.88,0.03955795682820734,-0.042221618657661025,0.417687072948076,0.5822506662359687,0.99,0.010000000000000009
1782171029695,btc-updown-15m-1782171000,15m,14:31,871,0.41,0.42,0.58,0.59,0.010000000000000009,0.010000000000000009,1233.88,762.05,759.66,1233.88,0.23639606599429847,-0.23787834706100713,0.419447250755287,0.5805039866128555,0.99,0.010000000000000009
1782171033017,btc-updown-15m-1782171000,15m,14:27,867,0.41,0.42,0.58,0.59,0.010000000000000009,0.010000000000000009,1223.1399999999999,794.66,794.66,1223.1399999999999,0.21235008425017343,-0.21235008425017343,0.4193824826717076,0.5806175173282923,0.99,0.010000000000000009
1782171036404,btc-updown-15m-1782171000,15m,14:24,864,0.42,0.43,0.57,0.58,0.010000000000000009,0.010000000000000009,1259.79,895.0999999999999,922.0999999999999,1259.79,0.16923833699167942,-0.15476948883765912,0.42841282231415706,0.5720033141246011,0.99,0.010000000000000009
1782171039869,btc-updown-15m-1782171000,15m,14:21,861,0.42,0.43,0.57,0.58,0.010000000000000009,0.010000000000000009,1029.28,2076.51,1976.51,1129.28,-0.337186351942662,0.272790497747755,0.4250201114953073,0.5745094441700186,0.99,0.010000000000000009
1782171043162,btc-updown-15m-1782171000,15m,14:17,857,0.42,0.43,0.57,0.58,0.010000000000000009,0.010000000000000009,1077.28,1965.51,1971.01,1077.28,-0.2919130140430329,0.2931906085050963,0.42518021218729324,0.5751523628275972,0.99,0.010000000000000009
1782171046476,btc-updown-15m-1782171000,15m,14:14,854,0.36,0.37,0.64,0.65,0.010000000000000009,0.010000000000000009,452.2,2419.6,1637.01,573.6,-0.6850755623650672,0.48104821746033893,0.36231357499792943,0.6436866148926451,1.0,0.0
1782171049789,btc-updown-15m-1782171000,15m,14:11,851,0.35,0.36,0.64,0.65,0.010000000000000009,0.010000000000000009,1544.29,890.14,894.84,2076.05,0.2687076646278595,-0.3975946601860048,0.35926710042814275,0.6406330993913626,0.99,0.010000000000000009
1782171053172,btc-updown-15m-1782171000,15m,14:07,847,0.35,0.36,0.64,0.65,0.010000000000000009,0.010000000000000009,2223.83,884.36,899.36,2203.83,0.43094855848580677,-0.420364205865577,0.35879820319595473,0.640788263153597,0.99,0.010000000000000009
1782171056585,btc-updown-15m-1782171000,15m,14:04,844,0.37,0.38,0.62,0.63,0.010000000000000009,0.010000000000000009,851.15,2199.41,2164.93,948.55,-0.44197131018567076,0.3906818094222542,0.37069662138627657,0.6280400214965384,0.99,0.010000000000000009
1782171059940,btc-updown-15m-1782171000,15m,14:01,841,0.37,0.38,0.62,0.63,0.010000000000000009,0.010000000000000009,955.35,2103.29,2210.29,985.57,-0.37531059555881047,0.3832207918995199,0.3726936851449386,0.6269185098018241,0.99,0.010000000000000009
1782171063332,btc-updown-15m-1782171000,15m,13:57,837,0.35,0.36,0.64,0.65,0.010000000000000009,0.010000000000000009,2153.75,1292.6699999999998,1374.07,959.11,0.24984766801492567,0.17785168739660032,0.3586345984929037,0.6446508805775095,0.99,0.010000000000000009
1782171066664,btc-updown-15m-1782171000,15m,13:54,834,0.35,0.36,0.64,0.65,0.010000000000000009,0.010000000000000009,1121.1100000000001,1678.69,1998.69,1115.1100000000001,-0.1991499392813772,0.2837626051769542,0.357402972972973,0.6429766666666666,0.99,0.010000000000000009
1782171070030,btc-updown-15m-1782171000,15m,13:50,830,0.35,0.36,0.64,0.65,0.010000000000000009,0.010000000000000009,939.11,2275.84,2305.84,984.11,-0.4157856265260735,0.40174774692624504,0.35367538896746814,0.6458531353135314,0.99,0.010000000000000009
1782171073363,btc-updown-15m-1782171000,15m,13:47,827,0.34,0.35,0.65,0.66,0.009999999999999953,0.010000000000000009,791.4,2297.74,2283.7400000000002,756.4,-0.48762438736994757,0.5023913372410481,0.3410746140344593,0.6586800920164424,0.99,0.010000000000000009
1782171076923,btc-updown-15m-1782171000,15m,13:44,824,0.34,0.35,0.65,0.66,0.009999999999999953,0.010000000000000009,1024.16,1918.8799999999999,1854.5800000000002,1024.16,-0.30401217788409257,0.2884664818635931,0.3454034454582595,0.6530777121286722,0.99,0.010000000000000009
1782171080258,btc-updown-15m-1782171000,15m,13:40,820,0.34,0.35,0.65,0.66,0.009999999999999953,0.010000000000000009,675.5500000000001,2177.38,2152.38,669.03,-0.526416701426253,0.5257477644156646,0.34056402106509615,0.6595998479560454,0.99,0.010000000000000009
1782171083573,btc-updown-15m-1782171000,15m,13:37,817,0.34,0.35,0.65,0.66,0.009999999999999953,0.010000000000000009,669.03,2130.68,2150.6800000000003,819.03,-0.5220719288783481,0.4484107875853199,0.34038678646581383,0.6583639310289859,0.99,0.010000000000000009
1782171086907,btc-updown-15m-1782171000,15m,13:34,814,0.34,0.35,0.65,0.66,0.009999999999999953,0.010000000000000009,1122.04,1924.8799999999999,1662.18,1134.04,-0.2634923135494204,0.18887641172726038,0.3483705568720379,0.6523148354712772,0.99,0.010000000000000009
1782171090366,btc-updown-15m-1782171000,15m,13:30,810,0.34,0.35,0.65,0.66,0.009999999999999953,0.010000000000000009,1151.6399999999999,1999.3200000000002,1960.72,1171.6399999999999,-0.26902277401172986,0.25191229616008387,0.346052112768614,0.653704445951779,0.99,0.010000000000000009
1782171093686,btc-updown-15m-1782171000,15m,13:27,807,0.34,0.35,0.65,0.66,0.009999999999999953,0.010000000000000009,1273.26,1917.72,1912.72,1243.26,-0.2019630333001147,0.2121242846912845,0.34824861637052135,0.6518407490560261,0.99,0.010000000000000009
1782171096976,btc-updown-15m-1782171000,15m,13:24,804,0.34,0.35,0.65,0.66,0.009999999999999953,0.010000000000000009,1177.6399999999999,1850.6000000000001,1796.98,1201.6399999999999,-0.22222809288563664,0.19853799414397294,0.3483975727609843,0.6506492943309943,0.99,0.010000000000000009
1782171100302,btc-updown-15m-1782171000,15m,13:20,800,0.34,0.35,0.65,0.66,0.009999999999999953,0.010000000000000009,1156.6399999999999,1834.01,1806.01,1148.6399999999999,-0.22649591225987667,0.22248658893608386,0.3478936185537309,0.6506004094712481,0.99,0.010000000000000009
1782171103642,btc-updown-15m-1782171000,15m,13:17,797,0.33,0.34,0.66,0.67,0.010000000000000009,0.010000000000000009,1257.79,1753.03,1743.73,1257.79,-0.16448675111763575,0.16189797169434156,0.33963196393246536,0.6603680360675347,0.99,0.010000000000000009
1782171107080,btc-updown-15m-1782171000,15m,13:13,793,0.33,0.34,0.66,0.67,0.010000000000000009,0.010000000000000009,1133.79,1852.73,1867.73,1133.79,-0.2407283393380925,0.24452277512726886,0.3391319863046728,0.6612881262363712,0.99,0.010000000000000009
1782171110501,btc-updown-15m-1782171000,15m,13:10,790,0.33,0.34,0.66,0.67,0.010000000000000009,0.010000000000000009,1154.79,1944.73,1644.73,1174.79,-0.25485881684906053,0.16667376007263648,0.33805565682342936,0.6618686495114261,0.99,0.010000000000000009
1782171113895,btc-updown-15m-1782171000,15m,13:07,787,0.33,0.34,0.66,0.67,0.010000000000000009,0.010000000000000009,1141.79,1965.73,1965.73,1146.79,-0.2651439089692102,0.26311156233534244,0.338121332376409,0.661878667623591,0.99,0.010000000000000009
1782171117445,btc-updown-15m-1782171000,15m,13:03,783,0.33,0.34,0.66,0.67,0.010000000000000009,0.010000000000000009,1174.79,1817.8400000000001,1837.8400000000001,1181.79,-0.21487788333338909,0.21726171749518985,0.3389667130385693,0.6613623587449091,0.99,0.010000000000000009
1782171120776,btc-updown-15m-1782171000,15m,13:00,780,0.33,0.34,0.66,0.67,0.010000000000000009,0.010000000000000009,911.25,1995.48,2075.48,901.25,-0.3730067808155556,0.39446977052000015,0.3333606316682437,0.6671789214799811,0.99,0.010000000000000009
1782171124067,btc-updown-15m-1782171000,15m,12:56,776,0.31,0.32,0.68,0.69,0.010000000000000009,0.009999999999999898,1005.09,2034.05,1303.6200000000001,618.78,-0.33856946372987096,0.35624219725343326,0.3159126588021779,0.6890247181714759,0.99,0.010000000000000009
1782171127386,btc-updown-15m-1782171000,15m,12:53,773,0.3,0.31,0.69,0.7,0.010000000000000009,0.010000000000000009,724.86,1681.74,474.89,1480.24,-0.39760658189977566,-0.5142113312158271,0.30039805747950005,0.6901200826168403,0.99,0.010000000000000009
1782171130691,btc-updown-15m-1782171000,15m,12:50,770,0.33,0.34,0.66,0.67,0.010000000000000009,0.010000000000000009,1149.53,1486.18,1526.68,1045.08,-0.1277264949482303,0.1872647525430056,0.33307044289360166,0.6689994854496598,0.99,0.010000000000000009
1782171133974,btc-updown-15m-1782171000,15m,12:47,767,0.33,0.34,0.66,0.67,0.010000000000000009,0.010000000000000009,1035.28,2161.29,2010.67,1225.28,-0.3522556990774487,0.24270770561967897,0.3303260032007587,0.6677936606587943,0.99,0.010000000000000009
1782171137277,btc-updown-15m-1782171000,15m,12:43,763,0.35,0.36,0.64,0.65,0.010000000000000009,0.010000000000000009,1176.09,1939.74,1994.43,1127.09,-0.24508718383223735,0.2778582229170405,0.35438756488571505,0.6460642694481149,0.99,0.010000000000000009
1782171140612,btc-updown-15m-1782171000,15m,12:40,760,0.35,0.36,0.64,0.65,0.010000000000000009,0.010000000000000009,1177.47,1972.6000000000001,1971.6000000000001,1162.47,-0.25241661296415635,0.25817228077228654,0.35540065287016503,0.6449835335141417,0.99,0.010000000000000009
1782171143936,btc-updown-15m-1782171000,15m,12:37,757,0.35,0.36,0.64,0.65,0.010000000000000009,0.010000000000000009,1872.67,1080.8,1075.8,1879.67,0.26811513236972107,-0.2719939637350405,0.35617847281729026,0.6435126961911427,0.99,0.010000000000000009
1782171147246,btc-updown-15m-1782171000,15m,12:33,753,0.35,0.36,0.64,0.65,0.010000000000000009,0.010000000000000009,1150.1599999999999,1982.6,2129.6,1035.16,-0.265720961707887,0.345820852134127,0.35499510812725615,0.6461107423912014,0.99,0.010000000000000009
1782171150561,btc-updown-15m-1782171000,15m,12:30,750,0.33,0.34,0.69,0.7,0.010000000000000009,0.010000000000000009,520.45,1802.45,2413.57,744.41,-0.5518963364759567,0.5285530624006486,0.3301568165764069,0.696919360674229,1.02,-0.020000000000000018
1782171153866,btc-updown-15m-1782171000,15m,12:27,747,0.3,0.31,0.69,0.7,0.010000000000000009,0.010000000000000009,1011.92,2096.77,2016.15,1027.92,-0.34897336176974864,0.32464102336674255,0.3054643216286658,0.6933614270322039,0.99,0.010000000000000009
1782171157172,btc-updown-15m-1782171000,15m,12:23,743,0.3,0.31,0.69,0.7,0.010000000000000009,0.010000000000000009,983.92,2154.09,2304.69,883.92,-0.3729019346656002,0.44557659920780524,0.30500371462662373,0.6961154329802425,0.99,0.010000000000000009
1782171160471,btc-updown-15m-1782171000,15m,12:20,740,0.3,0.31,0.69,0.7,0.010000000000000009,0.010000000000000009,1122.92,2187.9900000000002,2162.29,1095.92,-0.32168497482565217,0.32728706866653773,0.30490014250604097,0.6954487080473973,0.99,0.010000000000000009
1782171163794,btc-updown-15m-1782171000,15m,12:17,737,0.3,0.31,0.69,0.7,0.010000000000000009,0.010000000000000009,824.1800000000001,2373.89,2368.89,834.1800000000001,-0.48457663528315514,0.47913720274611543,0.3032340425531915,0.6964555568299116,0.99,0.010000000000000009
1782171167137,btc-updown-15m-1782171000,15m,12:13,733,0.26,0.27,0.75,0.76,0.010000000000000009,0.010000000000000009,359.06,2551.2200000000003,2093.16,492.06,-0.753247110243688,0.6193283356929005,0.2602665529374134,0.7569144460028051,1.01,-0.010000000000000009
1782171170481,btc-updown-15m-1782171000,15m,12:10,730,0.23,0.24,0.76,0.77,0.009999999999999981,0.010000000000000009,1506.45,1583.93,1624.93,1536.45,-0.025071350448812126,0.027987777489577342,0.23652299417744008,0.7637837393021726,0.99,0.010000000000000009
1782171173794,btc-updown-15m-1782171000,15m,12:07,727,0.23,0.24,0.76,0.77,0.009999999999999981,0.010000000000000009,1631.99,1546.89,1251.19,1631.99,0.026770434870142915,-0.13207638787727438,0.2363443869920089,0.7636017430845018,0.99,0.010000000000000009
1782171177099,btc-updown-15m-1782171000,15m,12:03,723,0.26,0.27,0.73,0.74,0.010000000000000009,0.010000000000000009,2054.99,700.26,708.26,2048.99,0.4916904092187641,-0.4862562335660531,0.26890864113695345,0.731875013786866,0.99,0.010000000000000009
1782171180766,btc-updown-15m-1782171000,15m,12:00,720,0.26,0.27,0.73,0.74,0.010000000000000009,0.010000000000000009,2278.16,940.3199999999999,984.3199999999999,2216.16,0.41567447987870054,-0.384892266160076,0.26645042839657285,0.733788748564868,0.99,0.010000000000000009
1782171184191,btc-updown-15m-1782171000,15m,11:56,716,0.26,0.27,0.74,0.75,0.010000000000000009,0.010000000000000009,899.26,1170.34,1206.08,2120.07,-0.1309818322381136,-0.27478917066277836,0.2617646586989653,0.7405720660164183,1.0,0.0
1782171187675,btc-updown-15m-1782171000,15m,11:53,713,0.19,0.2,0.81,0.82,0.010000000000000009,0.009999999999999898,427.99,1578.05,1745.28,663.88,-0.573298638112899,0.44887014561091837,0.1901743314389317,0.8168487951275487,1.0,0.0
1782171191213,btc-updown-15m-1782171000,15m,11:49,709,0.18,0.19,0.81,0.82,0.010000000000000009,0.009999999999999898,1112.57,2485.68,2489.37,1236.16,-0.38160494684916274,0.3363843533671719,0.18011603003130222,0.8196144857162306,0.99,0.010000000000000009
1782171194767,btc-updown-15m-1782171000,15m,11:46,706,0.17,0.18,0.82,0.83,0.009999999999999981,0.010000000000000009,1783.58,2786.63,2816.08,1860.26,-0.21947569148901258,0.20439489002082822,0.1742412407944655,0.8263950963022232,0.99,0.010000000000000009
1782171198090,btc-updown-15m-1782171000,15m,11:42,702,0.17,0.18,0.8,0.81,0.009999999999999981,0.010000000000000009,1852.1100000000001,414.83000000000004,1176.06,2095.76,0.6340176625759836,-0.28109737088226133,0.17973725696269047,0.803147743001295,0.9700000000000001,0.029999999999999916
1782171201375,btc-updown-15m-1782171000,15m,11:39,699,0.19,0.2,0.8,0.81,0.010000000000000009,0.010000000000000009,1990.29,1545.15,1626.94,1957.85,0.12590794922272755,-0.09230945187863163,0.19654949925659942,0.8040181023370508,0.99,0.010000000000000009
1782171204739,btc-updown-15m-1782171000,15m,11:36,696,0.18,0.19,0.81,0.82,0.010000000000000009,0.009999999999999898,2011.19,1344.19,1370.85,2011.19,0.19878523445928628,-0.18933543068680445,0.18553806769697545,0.8147794610537605,0.99,0.010000000000000009
1782171208114,btc-updown-15m-1782171000,15m,11:32,692,0.18,0.19,0.81,0.82,0.010000000000000009,0.009999999999999898,2002.6000000000001,1387.22,1463.3799999999999,2001.71,0.1815376627667546,-0.15535815808536002,0.18488777070692125,0.8149889003995857,0.99,0.010000000000000009
1782171211456,btc-updown-15m-1782171000,15m,11:29,689,0.18,0.19,0.81,0.82,0.010000000000000009,0.009999999999999898,2413.81,1043.51,743.39,2487.58,0.3963474598822209,-0.5398347864573179,0.18593592152460894,0.8118797483225858,0.99,0.010000000000000009
1782171214757,btc-updown-15m-1782171000,15m,11:26,686,0.18,0.19,0.81,0.82,0.010000000000000009,0.009999999999999898,2434.23,887.38,927.38,2429.23,0.4656928417243445,-0.44743059217484304,0.1881467871435403,0.8127001565956601,0.99,0.010000000000000009
1782171218090,btc-updown-15m-1782171000,15m,11:22,682,0.18,0.19,0.82,0.83,0.010000000000000009,0.010000000000000009,2409.08,1309.34,1586.18,792.8499999999999,0.29575464847973065,0.3334678419355789,0.18698818098813025,0.8283619001957728,1.0,0.0
1782171221426,btc-updown-15m-1782171000,15m,11:19,679,0.17,0.18,0.82,0.83,0.009999999999999981,0.010000000000000009,1520.3799999999999,2397.67,2405.5,1520.3799999999999,-0.2239098531157081,0.22545773176969242,0.1703466666666667,0.8296533333333334,0.99,0.010000000000000009
1782171224747,btc-updown-15m-1782171000,15m,11:16,676,0.17,0.18,0.81,0.82,0.009999999999999981,0.009999999999999898,1089.51,1196.63,703.35,2387.47,-0.04685627301915023,-0.5448780582499143,0.17424984690753217,0.8112910411867452,0.9800000000000001,0.019999999999999907
1782171228127,btc-updown-15m-1782171000,15m,11:12,672,0.25,0.26,0.74,0.75,0.010000000000000009,0.010000000000000009,1896.72,674.8299999999999,737.91,1914.72,0.4751570064746943,-0.4436389545469967,0.2562750094886949,0.7439887257353276,0.99,0.010000000000000009
1782171231454,btc-updown-15m-1782171000,15m,11:09,669,0.25,0.26,0.74,0.75,0.010000000000000009,0.010000000000000009,2229.7200000000003,716.0699999999999,796.7,2534.72,0.5138349984214762,-0.5217054589334277,0.25726601372230656,0.7437601763144875,0.99,0.010000000000000009
1782171234757,btc-updown-15m-1782171000,15m,11:06,666,0.28,0.29,0.7,0.71,0.009999999999999953,0.010000000000000009,2633.24,247.24,348.17,2454.44,0.828334166527801,-0.7515387442419744,0.2898424116062896,0.7001905643426891,0.98,0.020000000000000018
1782171238056,btc-updown-15m-1782171000,15m,11:02,662,0.31,0.32,0.68,0.69,0.010000000000000009,0.009999999999999898,2475.36,597.33,589.33,2454.2200000000003,0.6112006092381594,-0.6127351283862595,0.3186658372836276,0.681295644385194,0.99,0.010000000000000009
1782171241393,btc-updown-15m-1782171000,15m,10:59,659,0.26,0.27,0.73,0.74,0.010000000000000009,0.010000000000000009,495.6,1279.72,1817.58,506.46000000000004,-0.44167812000090123,0.5641555222801673,0.2619924098671727,0.7388664273568865,0.99,0.010000000000000009
1782171244703,btc-updown-15m-1782171000,15m,10:56,656,0.22,0.23,0.77,0.78,0.010000000000000009,0.010000000000000009,702.66,1191.42,1226.42,792.66,-0.2580461226558541,0.21483051686906915,0.22247800768182383,0.7765768664635607,0.99,0.010000000000000009
1782171248037,btc-updown-15m-1782171000,15m,10:52,652,0.2,0.23,0.81,0.82,0.03,0.009999999999999898,355.86,2133.27,1596.6299999999999,1294.51,-0.7140687710163791,0.10449857149774826,0.20754498560460652,0.8149788042345201,1.01,-0.010000000000000009
1782171251365,btc-updown-15m-1782171000,15m,10:49,649,0.19,0.2,0.8,0.81,0.010000000000000009,0.010000000000000009,2229.25,1221.28,1269.27,1941.81,0.29212034093313205,-0.20944355170223103,0.19854294436346634,0.8018919969927151,0.99,0.010000000000000009
1782171254711,btc-updown-15m-1782171000,15m,10:46,646,0.2,0.21,0.79,0.8,0.009999999999999981,0.010000000000000009,1977.54,1147.68,1211.87,2158.27,0.26553650622996133,-0.28081919445482983,0.20839956798154105,0.7911706702086946,0.99,0.010000000000000009
1782171258043,btc-updown-15m-1782171000,15m,10:42,642,0.2,0.21,0.79,0.8,0.009999999999999981,0.010000000000000009,1693.46,2368.77,2394.37,1700.46,-0.16624120249222715,0.16946002642356334,0.20077285800280917,0.7991879831342235,0.99,0.010000000000000009
1782171261360,btc-updown-15m-1782171000,15m,10:39,639,0.2,0.21,0.79,0.8,0.009999999999999981,0.010000000000000009,1663.23,2398.02,2327.02,1773.23,-0.180927054478301,0.13506249618925675,0.2007080447867452,0.7964814148372834,0.99,0.010000000000000009
1782171264687,btc-updown-15m-1782171000,15m,10:36,636,0.2,0.21,0.79,0.8,0.009999999999999981,0.010000000000000009,1637.23,2437.98,2422.98,1625.79,-0.19649294146804705,0.19689683533517588,0.2009409125789505,0.799015502439627,0.99,0.010000000000000009
1782171268010,btc-updown-15m-1782171000,15m,10:32,632,0.19,0.2,0.8,0.81,0.010000000000000009,0.010000000000000009,1923.46,1501.0,1514.16,1898.46,0.12336543571833224,-0.112611424653199,0.19694055944055947,0.8032155982033483,0.99,0.010000000000000009
1782171271319,btc-updown-15m-1782171000,15m,10:29,629,0.2,0.21,0.79,0.8,0.009999999999999981,0.010000000000000009,1781.46,1442.8899999999999,1591.1499999999999,1916.46,0.105004109355374,-0.09274406219619633,0.20351146403405232,0.795471181157781,0.99,0.010000000000000009
1782171274620,btc-updown-15m-1782171000,15m,10:26,626,0.2,0.21,0.79,0.8,0.009999999999999981,0.010000000000000009,1677.56,1686.98,1713.98,1733.38,-0.002799788381175457,-0.0056274946625824085,0.20140518513314132,0.7975868270900521,0.99,0.010000000000000009
1782171277910,btc-updown-15m-1782171000,15m,10:23,623,0.23,0.24,0.76,0.77,0.009999999999999981,0.010000000000000009,2248.83,845.5799999999999,1005.75,2341.83,0.45347901538580865,-0.3991181689459251,0.23431939393939394,0.7660586847272007,0.99,0.010000000000000009
1782171281274,btc-updown-15m-1782171000,15m,10:19,619,0.24,0.25,0.75,0.76,0.010000000000000009,0.010000000000000009,2012.8600000000001,827.2,925.59,2087.21,0.4174770955543192,-0.38556160382368554,0.2484012865386435,0.7507152052639108,0.99,0.010000000000000009
1782171284590,btc-updown-15m-1782171000,15m,10:16,616,0.24,0.25,0.74,0.75,0.010000000000000009,0.010000000000000009,1779.21,740.6899999999999,851.29,2350.93,0.4121274653756101,-0.4683126081281111,0.24955312255613898,0.7420551559419002,0.98,0.020000000000000018
1782171287919,btc-updown-15m-1782171000,15m,10:13,613,0.26,0.27,0.73,0.74,0.010000000000000009,0.010000000000000009,2468.13,770.64,849.5,2424.13,0.5241156364916312,-0.4810042674340106,0.26808026243849103,0.7333941671497392,0.99,0.010000000000000009
1782171291254,btc-updown-15m-1782171000,15m,10:09,609,0.25,0.26,0.74,0.75,0.010000000000000009,0.010000000000000009,1703.92,1133.55,1170.38,2171.01,0.20101357899819208,-0.29946519262941473,0.25389622033565884,0.7442968441814595,0.99,0.010000000000000009
1782171294611,btc-updown-15m-1782171000,15m,10:06,606,0.25,0.26,0.74,0.75,0.010000000000000009,0.010000000000000009,1981.67,1088.21,1088.21,1936.67,0.2910406921443183,-0.28049377165375156,0.2560366089069561,0.74391889160847,0.99,0.010000000000000009
1782171297921,btc-updown-15m-1782171000,15m,10:03,603,0.25,0.26,0.74,0.75,0.010000000000000009,0.010000000000000009,1963.67,1017.69,970.22,1879.67,0.31729814581264926,-0.31911757997677104,0.25707981006068914,0.7434582728324268,0.99,0.010000000000000009
1782171301264,btc-updown-15m-1782171000,15m,9:59,599,0.2,0.21,0.79,0.8,0.009999999999999981,0.010000000000000009,1132.0,1120.4199999999998,1031.27,1185.91,0.005141137088109746,-0.06974625425089531,0.20404799393515277,0.795370882376175,0.99,0.010000000000000009
1782171304569,btc-updown-15m-1782171000,15m,9:56,596,0.19,0.2,0.8,0.81,0.010000000000000009,0.010000000000000009,812.02,1506.75,1601.72,1655.54,-0.2996114319229592,-0.016523089959045313,0.19437685711860092,0.8038722583208014,0.99,0.010000000000000009
1782171307881,btc-updown-15m-1782171000,15m,9:53,593,0.19,0.2,0.8,0.81,0.010000000000000009,0.010000000000000009,1790.31,1138.09,1417.09,1234.82,0.2227223056959432,0.06873159345528317,0.1984794908062235,0.8003237608055168,0.99,0.010000000000000009
1782171311146,btc-updown-15m-1782171000,15m,9:49,589,0.2,0.21,0.79,0.8,0.009999999999999981,0.010000000000000009,1259.8700000000001,1527.75,1599.1000000000001,1451.95,-0.09609631154891983,0.04822929811048658,0.20178365480214755,0.7947981451172941,0.99,0.010000000000000009
1782171314476,btc-updown-15m-1782171000,15m,9:46,586,0.2,0.21,0.79,0.8,0.009999999999999981,0.010000000000000009,1806.68,1653.5,1653.5,1806.95,0.044269373269598705,-0.044343943706743355,0.20540964080526883,0.7947071325143631,0.99,0.010000000000000009
1782171317787,btc-updown-15m-1782171000,15m,9:43,583,0.21,0.22,0.78,0.79,0.010000000000000009,0.010000000000000009,1732.18,1482.11,1626.09,1719.74,0.07779945182295318,-0.027990065245395043,0.2141145238255259,0.7867299010549461,0.99,0.010000000000000009
1782171321109,btc-updown-15m-1782171000,15m,9:39,579,0.21,0.22,0.78,0.79,0.010000000000000009,0.010000000000000009,1601.58,1779.91,2080.91,1008.85,-0.052737107014954994,0.34697193309512714,0.21089574051811516,0.7893690533276128,0.99,0.010000000000000009
1782171324462,btc-updown-15m-1782171000,15m,9:36,576,0.21,0.22,0.78,0.79,0.010000000000000009,0.010000000000000009,1027.38,2082.88,2382.88,1024.58,-0.3393606965334088,0.398625369043217,0.21049852933845156,0.7882653193980658,0.99,0.010000000000000009
1782171327769,btc-updown-15m-1782171000,15m,9:33,573,0.21,0.22,0.79,0.8,0.010000000000000009,0.010000000000000009,831.45,1454.57,2490.32,656.9100000000001,-0.27257854261992454,0.5825471922929051,0.21023816895705813,0.7997641113226565,1.0,0.0
1782171331069,btc-updown-15m-1782171000,15m,9:29,569,0.19,0.2,0.8,0.81,0.010000000000000009,0.010000000000000009,1371.53,2131.75,2244.91,976.24,-0.21700235208147794,0.3938562314701271,0.1951103982356332,0.8055620718776393,0.99,0.010000000000000009
1782171334404,btc-updown-15m-1782171000,15m,9:26,566,0.19,0.2,0.8,0.81,0.010000000000000009,0.010000000000000009,1680.33,2166.91,786.41,1808.2,-0.12647508343643754,-0.39381255757127276,0.19517442276927488,0.8003719776813392,0.99,0.010000000000000009
1782171337693,btc-updown-15m-1782171000,15m,9:23,563,0.19,0.2,0.79,0.8,0.010000000000000009,0.010000000000000009,1802.07,1193.1200000000001,1762.96,1743.2,0.20330930592049246,0.005635795286010904,0.1999869738663193,0.7956910647923735,0.98,0.020000000000000018
1782171341156,btc-updown-15m-1782171000,15m,9:19,559,0.2,0.21,0.79,0.8,0.009999999999999981,0.010000000000000009,1256.2,1504.79,2162.96,1805.2,-0.09003654486253117,0.09015765493326883,0.20560669067255197,0.7953229318666517,0.99,0.010000000000000009
1782171344477,btc-updown-15m-1782171000,15m,9:16,556,0.21,0.22,0.78,0.79,0.010000000000000009,0.010000000000000009,1864.55,1878.1299999999999,2138.13,2024.55,-0.0036284160013679845,0.027285306581337057,0.21450602952778092,0.7849387471458354,0.99,0.010000000000000009
1782171347807,btc-updown-15m-1782171000,15m,9:13,553,0.21,0.22,0.78,0.79,0.010000000000000009,0.010000000000000009,1856.55,2354.13,2271.83,1966.55,-0.11817093676080825,0.07202751994865962,0.2123357544369355,0.7874753896383909,0.99,0.010000000000000009
1782171351123,btc-updown-15m-1782171000,15m,9:09,549,0.22,0.23,0.77,0.78,0.010000000000000009,0.010000000000000009,2018.99,1294.31,1327.3,2003.99,0.21871849817402592,-0.203131519621528,0.22415820843951106,0.7762464785480073,0.99,0.010000000000000009
1782171354562,btc-updown-15m-1782171000,15m,9:06,546,0.21,0.22,0.78,0.79,0.010000000000000009,0.010000000000000009,1964.04,1432.86,1439.86,1959.04,0.15637198622273252,-0.15274941892965374,0.21564529095294044,0.7843547090470596,0.99,0.010000000000000009
1782171357874,btc-updown-15m-1782171000,15m,9:03,543,0.21,0.22,0.78,0.79,0.010000000000000009,0.010000000000000009,1872.89,1534.34,1434.34,1959.89,0.09936223853394112,-0.15483629571360816,0.21503685735145195,0.7846339982021817,0.99,0.010000000000000009
1782171361351,btc-updown-15m-1782171000,15m,8:59,539,0.21,0.22,0.78,0.79,0.010000000000000009,0.010000000000000009,1784.3500000000001,1527.34,1713.36,939.82,0.07760690161216786,0.2915520243632169,0.21482726926267176,0.7889820240341644,0.99,0.010000000000000009
1782171364667,btc-updown-15m-1782171000,15m,8:56,536,0.2,0.21,0.8,0.81,0.009999999999999981,0.010000000000000009,1494.65,1347.22,2059.92,1670.72,0.05187781284858212,0.10432526322561277,0.20064160143718723,0.8018526442973294,1.0,0.0
1782171368015,btc-updown-15m-1782171000,15m,8:52,532,0.19,0.2,0.8,0.81,0.010000000000000009,0.010000000000000009,1677.63,2087.92,2072.92,1693.18,-0.10895885063270969,0.1008310984838427,0.19712018657946107,0.8029926852217197,0.99,0.010000000000000009
1782171371318,btc-updown-15m-1782171000,15m,8:49,529,0.18,0.19,0.81,0.82,0.010000000000000009,0.009999999999999898,1814.6,2014.21,2108.21,1807.6,-0.05213369166921318,0.07676828038132599,0.18860308285163777,0.8127113970588236,0.99,0.010000000000000009
1782171374735,btc-updown-15m-1782171000,15m,8:46,526,0.18,0.19,0.81,0.82,0.010000000000000009,0.009999999999999898,1744.27,2130.91,2081.92,1755.6,-0.09977342987938621,0.08503408451291464,0.18567339212336675,0.8147991505128552,0.99,0.010000000000000009
1782171378059,btc-updown-15m-1782171000,15m,8:42,522,0.14,0.15,0.85,0.86,0.009999999999999981,0.010000000000000009,1603.01,2184.19,2118.31,1725.8400000000001,-0.1534590198563583,0.10209539169907517,0.14349888856837428,0.8555902192242832,0.99,0.010000000000000009
1782171381448,btc-updown-15m-1782171000,15m,8:39,519,0.14,0.15,0.82,0.83,0.009999999999999981,0.010000000000000009,1576.17,723.0799999999999,1405.0,1937.23,0.37102968359247585,-0.15924397782318991,0.14907422102311801,0.8240111837615304,0.96,0.040000000000000036
1782171384795,btc-updown-15m-1782171000,15m,8:36,516,0.14,0.15,0.86,0.87,0.009999999999999981,0.010000000000000009,732.45,2289.8,1668.19,2055.47,-0.515294896186616,-0.10400519918574729,0.14060856864654334,0.865761059371362,1.0,0.0
1782171388110,btc-updown-15m-1782171000,15m,8:32,512,0.13,0.14,0.84,0.85,0.010000000000000009,0.010000000000000009,2781.4700000000003,1242.93,2111.66,1607.5,0.38230295199284364,0.13555749147656995,0.1397700072405128,0.8489756037608307,0.97,0.030000000000000027
1782171391548,btc-updown-15m-1782171000,15m,8:29,509,0.22,0.24,0.77,0.78,0.01999999999999999,0.010000000000000009,542.3,202.0,474.28999999999996,378.84000000000003,0.45720811500738945,0.11188212816335134,0.23444444444444448,0.7771619934158248,0.99,0.010000000000000009
1782171394893,btc-updown-15m-1782171000,15m,8:26,506,0.22,0.23,0.75,0.76,0.010000000000000009,0.010000000000000009,1172.3200000000002,397.09000000000003,465.77,1866.83,0.49396269935835757,-0.600643059247192,0.22578262583782363,0.7542712266695437,0.97,0.030000000000000027
1782171398353,btc-updown-15m-1782171000,15m,8:22,502,0.24,0.25,0.72,0.75,0.010000000000000009,0.030000000000000027,2149.53,959.3599999999999,180.0,1468.53,0.38282795467192476,-0.7816236283234154,0.24715712482364294,0.723448275862069,0.96,0.040000000000000036
1782171401700,btc-updown-15m-1782171000,15m,8:19,499,0.35,0.36,0.63,0.64,0.010000000000000009,0.010000000000000009,925.84,325.09000000000003,448.71000000000004,909.4300000000001,0.48024269943162284,-0.33922865094909216,0.35811112210894447,0.6389192694261321,0.98,0.020000000000000018
1782171405049,btc-updown-15m-1782171000,15m,8:15,495,0.43,0.44,0.54,0.55,0.010000000000000009,0.010000000000000009,1717.87,392.51,523.2,2292.55,0.6280195983661709,-0.628376098730356,0.43725646123260437,0.542953188815583,0.97,0.030000000000000027
1782171408350,btc-updown-15m-1782171000,15m,8:12,492,0.47,0.48,0.53,0.54,0.010000000000000009,0.010000000000000009,1173.52,1136.72,1173.81,1225.99,0.01592908096128539,-0.021743478623218626,0.4727605449850099,0.5347437267776252,1.0,0.0
1782171411754,btc-updown-15m-1782171000,15m,8:09,489,0.47,0.48,0.57,0.58,0.010000000000000009,0.010000000000000009,220.08,2363.44,1128.6399999999999,697.22,-0.8296277946367747,0.2362831761471306,0.4700927805160916,0.5764732383001613,1.04,-0.040000000000000036
1782171415219,btc-updown-15m-1782171000,15m,8:05,485,0.47,0.48,0.52,0.53,0.010000000000000009,0.010000000000000009,1678.27,884.02,919.02,1652.6599999999999,0.3099766224744272,-0.2852765507372612,0.4778031422049147,0.5225986623781079,0.99,0.010000000000000009
1782171418758,btc-updown-15m-1782171000,15m,8:02,482,0.47,0.48,0.52,0.53,0.010000000000000009,0.010000000000000009,1650.77,914.42,1164.67,1294.72,0.2870547600762517,-0.052878965922444156,0.47738873925868924,0.5285188232873894,0.99,0.010000000000000009
1782171422242,btc-updown-15m-1782171000,15m,7:58,478,0.47,0.48,0.52,0.53,0.010000000000000009,0.010000000000000009,951.5899999999999,1611.59,1610.59,968.5899999999999,-0.2574926458539783,0.2489163222419529,0.4702405393408056,0.5297594606591943,0.99,0.010000000000000009
1782171425681,btc-updown-15m-1782171000,15m,7:55,475,0.4,0.41,0.59,0.6,0.009999999999999953,0.010000000000000009,432.14,1524.68,1777.05,504.71,-0.5583242199078096,0.5576134212187084,0.40009879001378473,0.5999237047551454,0.99,0.010000000000000009
1782171429205,btc-updown-15m-1782171000,15m,7:51,471,0.39,0.4,0.6,0.61,0.010000000000000009,0.010000000000000009,793.88,1750.76,2322.67,793.88,-0.3760374748490946,0.49053921804559525,0.3946335978835979,0.6054815953996857,0.99,0.010000000000000009
1782171432710,btc-updown-15m-1782171000,15m,7:48,468,0.39,0.4,0.6,0.61,0.010000000000000009,0.010000000000000009,1024.42,1537.42,1570.05,986.97,-0.20024669768603814,0.22803106741441206,0.3971172613366992,0.6027755053648705,0.99,0.010000000000000009
1782171436283,btc-updown-15m-1782171000,15m,7:44,464,0.37,0.38,0.63,0.64,0.010000000000000009,0.010000000000000009,406.03000000000003,1806.06,1603.45,549.03,-0.6328992039202744,0.4898628558685795,0.37031261723146175,0.6372432722716153,1.0,0.0
1782171439722,btc-updown-15m-1782171000,15m,7:41,461,0.35,0.36,0.64,0.65,0.010000000000000009,0.010000000000000009,1003.87,1485.8899999999999,1534.21,1037.33,-0.19360098965362119,0.19322273812579238,0.3546694871732166,0.645619492564239,0.99,0.010000000000000009
1782171443040,btc-updown-15m-1782171000,15m,7:37,457,0.36,0.37,0.61,0.62,0.010000000000000009,0.010000000000000009,1361.52,987.2,453.54,1272.77,0.15937191321230282,-0.474555554911922,0.36795946846621674,0.6104983057604146,0.97,0.030000000000000027
1782171446366,btc-updown-15m-1782171000,15m,7:34,454,0.45,0.46,0.53,0.54,0.010000000000000009,0.010000000000000009,2130.23,510.41,851.0,1652.07,0.6134194740668929,-0.32003499702365495,0.45813530018683246,0.5329812383194583,0.98,0.020000000000000018
1782171449732,btc-updown-15m-1782171000,15m,7:31,451,0.47,0.48,0.52,0.53,0.010000000000000009,0.010000000000000009,1686.8,928.76,958.76,1687.3,0.28981938858217743,-0.275330113451698,0.4754961254007118,0.5248424366537275,0.99,0.010000000000000009
1782171453044,btc-updown-15m-1782171000,15m,7:27,447,0.47,0.48,0.52,0.53,0.010000000000000009,0.010000000000000009,842.06,1383.49,1383.49,842.06,-0.24327918941385276,0.24327918941385276,0.47034001269380715,0.5296637977407209,0.99,0.010000000000000009
1782171456415,btc-updown-15m-1782171000,15m,7:24,444,0.43,0.44,0.56,0.57,0.010000000000000009,0.009999999999999898,964.42,2190.27,1713.1299999999999,1159.66,-0.3885801774500822,0.19265940079156493,0.43474876900895015,0.5628376118293558,0.99,0.010000000000000009
1782171459740,btc-updown-15m-1782171000,15m,7:21,441,0.44,0.45,0.55,0.56,0.010000000000000009,0.010000000000000009,1719.83,915.83,989.88,1810.81,0.30504693321596865,-0.2931170532975802,0.4478306551297898,0.5509745690873128,0.99,0.010000000000000009
1782171463060,btc-updown-15m-1782171000,15m,7:17,437,0.44,0.45,0.55,0.56,0.010000000000000009,0.010000000000000009,1045.06,2168.83,2208.7400000000002,1015.06,-0.3496603804112773,0.37027110862956764,0.441330596107056,0.5595614804420277,0.99,0.010000000000000009
1782171466453,btc-updown-15m-1782171000,15m,7:14,434,0.43,0.44,0.56,0.57,0.010000000000000009,0.009999999999999898,1055.54,2162.84,2274.0,1075.54,-0.344055083613495,0.35779838425574856,0.4339622828784119,0.5655414392059553,0.99,0.010000000000000009
1782171469777,btc-updown-15m-1782171000,15m,7:11,431,0.43,0.44,0.56,0.57,0.010000000000000009,0.009999999999999898,1230.41,2149.44,2269.44,1150.41,-0.271914434072518,0.32721610596956,0.43613426323564786,0.5646068807200892,0.99,0.010000000000000009
1782171473126,btc-updown-15m-1782171000,15m,7:07,427,0.42,0.43,0.57,0.58,0.010000000000000009,0.010000000000000009,1208.84,1934.8600000000001,1959.8600000000001,1288.84,-0.230944428539619,0.20655031243266544,0.42786065539898344,0.5722913472851081,0.99,0.010000000000000009
1782171476417,btc-updown-15m-1782171000,15m,7:04,424,0.41,0.42,0.58,0.59,0.010000000000000009,0.010000000000000009,806.6800000000001,1435.91,1391.1100000000001,806.6800000000001,-0.280581827262228,0.26591712584004845,0.4111582452584335,0.5887988589159702,0.99,0.010000000000000009
1782171479745,btc-updown-15m-1782171000,15m,7:01,421,0.41,0.42,0.58,0.59,0.010000000000000009,0.010000000000000009,767.6800000000001,2467.01,1820.18,126.52,-0.5253455508874111,0.8700159243848564,0.4104468075599839,0.5898072211084785,0.99,0.010000000000000009
1782171483068,btc-updown-15m-1782171000,15m,6:57,417,0.34,0.35,0.65,0.66,0.009999999999999953,0.010000000000000009,760.68,2449.4500000000003,2446.59,826.68,-0.5260752679798015,0.4948904306702473,0.3418326928761455,0.6571808142724259,0.99,0.010000000000000009
1782171486433,btc-updown-15m-1782171000,15m,6:54,414,0.32,0.33,0.67,0.68,0.010000000000000009,0.010000000000000009,692.45,1661.1399999999999,1637.09,880.87,-0.4115797568820397,0.3003304262180495,0.3237782832878374,0.6755557889682492,0.99,0.010000000000000009
1782171489757,btc-updown-15m-1782171000,15m,6:51,411,0.34,0.35,0.65,0.66,0.009999999999999953,0.010000000000000009,2110.3,922.62,929.62,2144.3,0.39159621750656143,-0.39515667291276296,0.3494175445705024,0.6505824554294976,0.99,0.010000000000000009
1782171493083,btc-updown-15m-1782171000,15m,6:47,407,0.23,0.25,0.76,0.77,0.01999999999999999,0.010000000000000009,227.03,1045.22,1104.93,284.99,-0.6431047357044607,0.5899188442500288,0.23204081632653062,0.767772877117199,0.99,0.010000000000000009
1782171496453,btc-updown-15m-1782171000,15m,6:44,404,0.2,0.21,0.79,0.8,0.009999999999999981,0.010000000000000009,1543.8799999999999,1734.1599999999999,1772.88,1746.8799999999999,-0.05804688167319495,0.0073868672864059555,0.2052652075706831,0.794592718296822,0.99,0.010000000000000009
1782171499749,btc-updown-15m-1782171000,15m,6:41,401,0.21,0.22,0.78,0.79,0.010000000000000009,0.010000000000000009,1884.29,550.65,880.5799999999999,1859.29,0.5477095944869278,-0.35721037859460486,0.21893367455747495,0.7811424654404204,0.99,0.010000000000000009
1782171503081,btc-updown-15m-1782171000,15m,6:37,397,0.21,0.22,0.77,0.78,0.010000000000000009,0.010000000000000009,1943.5,1189.77,505.16999999999996,2019.16,0.2405569899817124,-0.59975914401049,0.2186280383234628,0.7707698721511951,0.98,0.020000000000000018
1782171506409,btc-updown-15m-1782171000,15m,6:34,394,0.22,0.23,0.77,0.78,0.010000000000000009,0.010000000000000009,2248.98,753.24,681.67,1865.76,0.4982113236205208,-0.46481748271787654,0.22966110119518313,0.7709225335406837,0.99,0.010000000000000009
1782171509709,btc-updown-15m-1782171000,15m,6:31,391,0.2,0.21,0.79,0.8,0.009999999999999981,0.010000000000000009,872.3,1594.3500000000001,1987.9,919.3,-0.29272495084426253,0.36757017061089714,0.20483306393177636,0.7959411966072041,0.99,0.010000000000000009
1782171513049,btc-updown-15m-1782171000,15m,6:27,387,0.2,0.21,0.79,0.8,0.009999999999999981,0.010000000000000009,1114.44,1508.96,1471.52,1114.44,-0.1503849965693375,0.13808411576358487,0.20687956047729417,0.7930131341746073,0.99,0.010000000000000009
1782171516389,btc-updown-15m-1782171000,15m,6:24,384,0.24,0.25,0.75,0.76,0.010000000000000009,0.010000000000000009,2241.99,997.47,1113.47,2251.99,0.38417514030116123,-0.3382955078949088,0.2455365154659551,0.7548737520982418,0.99,0.010000000000000009
1782171519713,btc-updown-15m-1782171000,15m,6:21,381,0.24,0.25,0.76,0.77,0.010000000000000009,0.010000000000000009,951.17,2184.31,1537.96,1714.62,-0.39328587648462116,-0.054313806270714284,0.24115939539677084,0.7669986220997421,1.0,0.0
1782171523119,btc-updown-15m-1782171000,15m,6:17,377,0.23,0.24,0.76,0.77,0.009999999999999981,0.010000000000000009,1006.57,1585.96,1585.96,1056.57,-0.22348439555183544,0.20033452789561523,0.23097391487457555,0.7690260851254245,0.99,0.010000000000000009
1782171526420,btc-updown-15m-1782171000,15m,6:14,374,0.22,0.23,0.77,0.78,0.010000000000000009,0.010000000000000009,2050.0699999999997,1315.05,1345.05,2000.07,0.21842311715481166,-0.19581360309944038,0.22883875599096343,0.771283157968411,0.99,0.010000000000000009
1782171529701,btc-updown-15m-1782171000,15m,6:11,371,0.22,0.23,0.77,0.78,0.010000000000000009,0.010000000000000009,2009.07,1481.46,1558.66,1989.07,0.15115469570523674,-0.12131982986303914,0.22767824538466738,0.7734269630869294,0.99,0.010000000000000009
1782171533004,btc-updown-15m-1782171000,15m,6:07,367,0.22,0.23,0.77,0.78,0.010000000000000009,0.010000000000000009,1954.78,1558.66,1619.01,1954.78,0.11274420510952225,-0.0939534779603726,0.2260529197879704,0.7740565996407762,0.99,0.010000000000000009
1782171536334,btc-updown-15m-1782171000,15m,6:04,364,0.21,0.22,0.78,0.79,0.010000000000000009,0.010000000000000009,1677.56,940.48,1079.18,1851.09,0.2815388611327558,-0.2634262371726837,0.21851548923747077,0.7815954082521975,0.99,0.010000000000000009
1782171539794,btc-updown-15m-1782171000,15m,6:01,361,0.22,0.23,0.77,0.78,0.010000000000000009,0.010000000000000009,1892.83,921.1899999999999,898.1899999999999,1986.04,0.3452853924279145,-0.37717172347558964,0.22845504161966032,0.7707550839529272,0.99,0.010000000000000009
1782171543097,btc-updown-15m-1782171000,15m,5:57,357,0.22,0.23,0.77,0.78,0.010000000000000009,0.010000000000000009,1843.6,1210.23,1206.23,1843.6,0.20740185275539239,-0.2089854188594118,0.22732044125110182,0.7726795587488983,0.99,0.010000000000000009
1782171546418,btc-updown-15m-1782171000,15m,5:54,354,0.2,0.21,0.79,0.8,0.009999999999999981,0.010000000000000009,1900.71,1625.04,1275.04,2000.71,0.07818761965539249,-0.2215278943753339,0.20642606600014315,0.7927422369339547,0.99,0.010000000000000009
1782171549820,btc-updown-15m-1782171000,15m,5:51,351,0.2,0.21,0.79,0.8,0.009999999999999981,0.010000000000000009,1999.29,1317.1599999999999,1316.17,1999.29,0.20568077311583174,-0.20604079071983974,0.2073025703849906,0.7925839969146307,0.99,0.010000000000000009
1782171553124,btc-updown-15m-1782171000,15m,5:47,347,0.2,0.21,0.79,0.8,0.009999999999999981,0.010000000000000009,1476.33,2018.11,1073.65,1817.08,-0.1550405787479539,-0.2571772528046548,0.2006935480389406,0.7910505983228117,0.99,0.010000000000000009
1782171556512,btc-updown-15m-1782171000,15m,5:44,344,0.28,0.29,0.71,0.72,0.009999999999999953,0.010000000000000009,2013.35,644.71,729.42,2074.46,0.5149018457070194,-0.4797066921551564,0.28703308402030897,0.7128695965019095,0.99,0.010000000000000009
1782171559868,btc-updown-15m-1782171000,15m,5:41,341,0.31,0.32,0.68,0.69,0.010000000000000009,0.009999999999999898,1631.08,644.72,706.02,1705.98,0.4334124263995078,-0.4145771144278607,0.3192815674891147,0.6805813270698767,0.99,0.010000000000000009
1782171563174,btc-updown-15m-1782171000,15m,5:37,337,0.32,0.33,0.67,0.68,0.010000000000000009,0.010000000000000009,1198.01,941.85,921.55,1110.02,0.11970876599403697,-0.09277061582913709,0.3249725379692426,0.675254448798263,0.99,0.010000000000000009
1782171566521,btc-updown-15m-1782171000,15m,5:34,334,0.32,0.33,0.67,0.68,0.010000000000000009,0.010000000000000009,594.51,1111.36,1227.06,594.51,-0.3029832284992408,0.34725538958151486,0.3208811814117329,0.6791188185882672,0.99,0.010000000000000009
1782171570036,btc-updown-15m-1782171000,15m,5:30,330,0.32,0.33,0.67,0.68,0.010000000000000009,0.010000000000000009,702.99,1111.3,1119.47,721.88,-0.22505222428608435,0.21592309989953026,0.3210524275071316,0.6797661326388342,0.99,0.010000000000000009
1782171573518,btc-updown-15m-1782171000,15m,5:27,327,0.32,0.33,0.68,0.69,0.010000000000000009,0.009999999999999898,811.88,1232.62,865.5799999999999,999.19,-0.20579114697970158,-0.07164958681231473,0.3202902951933125,0.6812403100775194,1.0,0.0
1782171576855,btc-updown-15m-1782171000,15m,5:24,324,0.31,0.32,0.68,0.69,0.010000000000000009,0.009999999999999898,1166.81,1092.27,1093.27,1166.81,0.032995732776174354,-0.03253867119747972,0.3160470829819222,0.6839529170180779,0.99,0.010000000000000009
1782171580181,btc-updown-15m-1782171000,15m,5:20,320,0.31,0.32,0.68,0.69,0.010000000000000009,0.009999999999999898,1142.81,1026.99,1083.99,1199.81,0.0533781915383906,-0.05071372274279706,0.3141833821794237,0.6848866434304351,0.99,0.010000000000000009
1782171583482,btc-updown-15m-1782171000,15m,5:17,317,0.3,0.31,0.69,0.7,0.010000000000000009,0.010000000000000009,1829.6999999999998,1075.21,1062.55,1809.9499999999998,0.2597292170841781,-0.2601914708442123,0.3086808115018096,0.6907017107088238,0.99,0.010000000000000009
1782171586793,btc-updown-15m-1782171000,15m,5:14,314,0.3,0.31,0.69,0.7,0.010000000000000009,0.010000000000000009,1478.95,1121.54,1107.54,1528.95,0.13743948255905622,-0.15983751123653042,0.30824411323749884,0.691755886762501,0.99,0.010000000000000009
1782171590081,btc-updown-15m-1782171000,15m,5:10,310,0.3,0.31,0.69,0.7,0.010000000000000009,0.010000000000000009,1465.95,1098.35,1168.85,1360.95,0.14335296182193977,-0.07593485651039612,0.30786657646262905,0.694859238158732,0.99,0.010000000000000009
1782171593374,btc-updown-15m-1782171000,15m,5:07,307,0.3,0.31,0.69,0.7,0.010000000000000009,0.010000000000000009,1363.95,1244.85,1255.85,1368.95,0.04565317387304513,-0.04308899725693391,0.30545304193738926,0.6947577255871445,0.99,0.010000000000000009
1782171596688,btc-updown-15m-1782171000,15m,5:04,304,0.34,0.35,0.65,0.66,0.009999999999999953,0.010000000000000009,1902.85,754.22,991.0699999999999,1384.96,0.4322919606935459,-0.16577652639066012,0.3466348373302232,0.6558284580727591,0.99,0.010000000000000009
1782171600007,btc-updown-15m-1782171000,15m,5:00,300,0.34,0.35,0.65,0.66,0.009999999999999953,0.010000000000000009,1573.18,901.67,898.67,1560.18,0.27133361617875834,-0.2690322711836835,0.34544631880890586,0.6544397573560172,0.99,0.010000000000000009
1782171603321,btc-updown-15m-1782171000,15m,4:57,297,0.34,0.35,0.65,0.66,0.009999999999999953,0.010000000000000009,1715.46,746.29,721.1,1693.94,0.3936914796384686,-0.40282562607658673,0.34928839800479367,0.6508541326490941,0.99,0.010000000000000009
1782171606626,btc-updown-15m-1782171000,15m,4:54,294,0.3,0.31,0.69,0.7,0.010000000000000009,0.010000000000000009,675.33,2212.0,2212.29,650.33,-0.53221142023946,0.5456400081044638,0.30036142734728855,0.6996271625205202,0.99,0.010000000000000009
1782171609929,btc-updown-15m-1782171000,15m,4:51,291,0.3,0.31,0.69,0.7,0.010000000000000009,0.010000000000000009,734.71,1656.32,1356.32,733.71,-0.38544476648139087,0.2978952455227915,0.3010575296108291,0.6989424703891709,0.99,0.010000000000000009
1782171613218,btc-updown-15m-1782171000,15m,4:47,287,0.29,0.3,0.7,0.71,0.010000000000000009,0.010000000000000009,902.11,1636.89,1565.89,883.11,-0.28939740055139823,0.2787995100040833,0.293811411581481,0.7061559331714979,0.99,0.010000000000000009
1782171616542,btc-updown-15m-1782171000,15m,4:44,284,0.29,0.3,0.7,0.71,0.010000000000000009,0.010000000000000009,1302.86,1308.34,1366.34,1257.0,-0.002098651960784321,0.041679690775881094,0.2996964730164512,0.7007020757020757,0.99,0.010000000000000009
1782171619865,btc-updown-15m-1782171000,15m,4:41,281,0.27,0.28,0.72,0.73,0.010000000000000009,0.010000000000000009,900.53,1110.29,992.3000000000001,1362.53,-0.1043156523209437,-0.15722154040843708,0.2750062666457779,0.7221090859875485,0.99,0.010000000000000009
1782171623195,btc-updown-15m-1782171000,15m,4:37,277,0.27,0.28,0.72,0.73,0.010000000000000009,0.010000000000000009,1007.53,1027.7,1018.9000000000001,1007.53,-0.00991042781405545,0.005610852583114205,0.2766050490547978,0.7237677805373673,0.99,0.010000000000000009
1782171626490,btc-updown-15m-1782171000,15m,4:34,274,0.27,0.28,0.72,0.73,0.010000000000000009,0.010000000000000009,1117.16,951.9000000000001,872.9000000000001,1097.16,0.07987201917779087,-0.11383409642345917,0.27693550846165577,0.723263516804676,0.99,0.010000000000000009
1782171629791,btc-updown-15m-1782171000,15m,4:31,271,0.27,0.28,0.72,0.73,0.010000000000000009,0.010000000000000009,1160.1599999999999,990.7,965.7,1176.1599999999999,0.07878708981523662,-0.0982603905017134,0.2756762578858286,0.7238778260218595,0.99,0.010000000000000009
1782171633130,btc-updown-15m-1782171000,15m,4:27,267,0.27,0.28,0.72,0.73,0.010000000000000009,0.010000000000000009,1006.46,1415.03,1543.82,773.72,-0.16872669306914337,0.3322919992750934,0.27464350500828144,0.7266803001622499,0.99,0.010000000000000009
1782171636484,btc-updown-15m-1782171000,15m,4:24,264,0.26,0.27,0.73,0.74,0.010000000000000009,0.010000000000000009,772.8,1535.78,918.6700000000001,1146.8,-0.33049753528142845,-0.11044943765825689,0.26048269100233806,0.7351915504701905,0.99,0.010000000000000009
1782171639805,btc-updown-15m-1782171000,15m,4:21,261,0.19,0.2,0.82,0.83,0.010000000000000009,0.010000000000000009,363.0,1116.12,1657.58,1373.42,-0.5091676131754016,0.0937512372154404,0.19050873325419704,0.8269935423086736,1.01,-0.010000000000000009
1782171643118,btc-updown-15m-1782171000,15m,4:17,257,0.17,0.18,0.82,0.83,0.009999999999999981,0.010000000000000009,1564.23,1615.79,1408.35,1660.23,-0.016213734504814416,-0.08208356959896763,0.1732292504962713,0.8264406574079689,0.99,0.010000000000000009
1782171646439,btc-updown-15m-1782171000,15m,4:14,254,0.17,0.18,0.82,0.83,0.009999999999999981,0.010000000000000009,1542.99,1525.35,1608.15,1543.41,0.00574903693854009,0.020542207668583178,0.17081405543940112,0.8291859445605989,0.99,0.010000000000000009
1782171649747,btc-updown-15m-1782171000,15m,4:11,251,0.16,0.17,0.83,0.84,0.010000000000000009,0.010000000000000009,1673.54,1473.5,1473.5,1673.54,0.06356449234836543,-0.06356449234836543,0.16350076062153646,0.8364992393784635,0.99,0.010000000000000009
1782171653060,btc-updown-15m-1782171000,15m,4:07,247,0.14,0.15,0.83,0.84,0.009999999999999981,0.010000000000000009,2062.44,981.49,822.6,1435.48,0.3551165762681796,-0.2714164245730886,0.14913160689486152,0.8303232453836519,0.97,0.030000000000000027
1782171656360,btc-updown-15m-1782171000,15m,4:04,244,0.17,0.18,0.81,0.82,0.009999999999999981,0.009999999999999898,2816.5299999999997,631.66,727.26,2653.02,0.6336280773391257,-0.5697042848521424,0.1795688412264682,0.8124079353485851,0.9800000000000001,0.019999999999999907
1782171659685,btc-updown-15m-1782171000,15m,4:01,241,0.18,0.19,0.81,0.82,0.010000000000000009,0.009999999999999898,2086.69,966.55,1063.18,2002.13,0.36686929294781945,-0.3063148588560374,0.18678191817307457,0.8146337934427178,0.99,0.010000000000000009
1782171663137,btc-updown-15m-1782171000,15m,3:57,237,0.18,0.19,0.76,0.77,0.010000000000000009,0.010000000000000009,2293.13,1012.4300000000001,123.4,826.9,0.3874381345369619,-0.740292539198148,0.18730836484892846,0.7625925925925926,0.94,0.06000000000000005
1782171666463,btc-updown-15m-1782171000,15m,3:54,234,0.28,0.29,0.71,0.72,0.009999999999999953,0.010000000000000009,2088.93,382.06,552.06,2142.1,0.690763621058766,-0.5901802417079907,0.28838532485117907,0.7118191761895166,0.99,0.010000000000000009
1782171669781,btc-updown-15m-1782171000,15m,3:51,231,0.28,0.29,0.71,0.72,0.009999999999999953,0.010000000000000009,2140.33,1048.1200000000001,1010.51,2155.22,0.34255202371058036,-0.36159432421589965,0.28379798973350134,0.7156668599594085,0.99,0.010000000000000009
1782171673086,btc-updown-15m-1782171000,15m,3:47,227,0.3,0.31,0.68,0.69,0.010000000000000009,0.009999999999999898,1850.92,537.26,689.05,1355.93,0.5500674153539515,-0.32610587878610064,0.30928965598215336,0.6804524566984801,0.98,0.020000000000000018
1782171676378,btc-updown-15m-1782171000,15m,3:44,224,0.32,0.33,0.67,0.68,0.010000000000000009,0.010000000000000009,981.86,1205.17,1195.94,998.86,-0.10210650974152162,0.08979405868416258,0.3222090205245888,0.6781685888234421,0.99,0.010000000000000009
1782171679663,btc-updown-15m-1782171000,15m,3:41,221,0.33,0.34,0.66,0.67,0.010000000000000009,0.010000000000000009,1995.97,741.91,1250.71,804.37,0.4580405277075693,0.21718862526033053,0.3371720265441552,0.666873207114171,0.99,0.010000000000000009
1782171682954,btc-updown-15m-1782171000,15m,3:38,218,0.29,0.3,0.63,0.64,0.010000000000000009,0.010000000000000009,596.43,1021.86,234.11,848.02,-0.2628886046382293,-0.5673163113489136,0.29562386287465287,0.6330280462684202,0.9199999999999999,0.08000000000000007
1782171686298,btc-updown-15m-1782171000,15m,3:34,214,0.35,0.36,0.64,0.65,0.010000000000000009,0.010000000000000009,846.37,1533.58,1669.51,866.5699999999999,-0.28874976365049687,0.3166067316488439,0.35796876983623205,0.6465494469657852,0.99,0.010000000000000009
1782171689609,btc-updown-15m-1782171000,15m,3:31,211,0.35,0.36,0.64,0.65,0.010000000000000009,0.010000000000000009,893.5699999999999,1712.51,1721.51,843.5699999999999,-0.3142420800589391,0.3422661281519485,0.351999376574798,0.6480006234252019,0.99,0.010000000000000009
1782171692885,btc-updown-15m-1782171000,15m,3:28,208,0.35,0.36,0.64,0.65,0.010000000000000009,0.010000000000000009,763.37,1716.1100000000001,1772.1100000000001,761.37,-0.3842499233710295,0.39895321849787646,0.3504173614862484,0.6493627372237649,0.99,0.010000000000000009
1782171696197,btc-updown-15m-1782171000,15m,3:24,204,0.34,0.35,0.65,0.66,0.009999999999999953,0.010000000000000009,1033.81,1363.41,1391.12,1045.81,-0.13749259558989166,0.14169877673958628,0.34268430083854046,0.6573156991614595,0.99,0.010000000000000009
1782171699466,btc-updown-15m-1782171000,15m,3:21,201,0.34,0.35,0.65,0.66,0.009999999999999953,0.010000000000000009,1031.23,1447.09,1441.09,1000.9,-0.16779915426579295,0.18025872341819582,0.3419544665828996,0.6596414871114618,0.99,0.010000000000000009
1782171702784,btc-updown-15m-1782171000,15m,3:18,198,0.28,0.29,0.71,0.72,0.009999999999999953,0.010000000000000009,404.2,1186.04,1183.23,599.2,-0.49164905926149505,0.3276594312259107,0.28199232194863644,0.7174595355383533,0.99,0.010000000000000009
1782171706082,btc-updown-15m-1782171000,15m,3:14,194,0.27,0.28,0.72,0.73,0.010000000000000009,0.010000000000000009,797.09,1937.46,1921.46,628.8,-0.41702291053372575,0.5068738089449702,0.2723761166130453,0.727640844442065,0.99,0.010000000000000009
1782171709399,btc-updown-15m-1782171000,15m,3:11,191,0.17,0.18,0.82,0.83,0.009999999999999981,0.010000000000000009,272.04,593.3,1152.49,469.84000000000003,-0.37125291792821313,0.42078368765910756,0.17699157857014872,0.8271834926556306,0.99,0.010000000000000009
1782171712742,btc-updown-15m-1782171000,15m,3:08,188,0.16,0.17,0.83,0.84,0.010000000000000009,0.010000000000000009,804.31,1548.35,1548.35,839.41,-0.3162547924476975,0.29690588668877943,0.16230385694081548,0.8373272930597713,0.99,0.010000000000000009
1782171716066,btc-updown-15m-1782171000,15m,3:04,184,0.13,0.14,0.86,0.87,0.010000000000000009,0.010000000000000009,1081.85,2125.51,1338.72,1467.05,-0.32539534071635245,-0.045737890133546205,0.13001970572779825,0.8673571488858879,0.99,0.010000000000000009
1782171719380,btc-updown-15m-1782171000,15m,3:01,181,0.13,0.14,0.86,0.87,0.010000000000000009,0.010000000000000009,1330.6,1838.54,1527.1299999999999,1352.63,-0.16027692055257894,0.06059532738839339,0.13123570929262407,0.8687607560308381,0.99,0.010000000000000009
1782171722703,btc-updown-15m-1782171000,15m,2:58,178,0.11,0.12,0.88,0.89,0.009999999999999995,0.010000000000000009,2066.55,1629.23,1624.48,2075.42,0.11832955424835898,-0.12187896970188385,0.11129806112389089,0.8889927721241324,0.99,0.010000000000000009
1782171726003,btc-updown-15m-1782171000,15m,2:54,174,0.09,0.1,0.9,0.91,0.010000000000000009,0.010000000000000009,1971.29,1759.3799999999999,1820.65,2076.39,0.05680212937622467,-0.06562416603370758,0.09225028906875389,0.9088042704626336,0.99,0.010000000000000009
1782171729311,btc-updown-15m-1782171000,15m,2:51,171,0.09,0.1,0.89,0.9,0.010000000000000009,0.010000000000000009,3475.99,1028.35,1651.6599999999999,2531.02,0.5433959248191743,-0.21023841173601615,0.09989725477604752,0.8971107063472462,0.98,0.020000000000000018
1782171732622,btc-updown-15m-1782171000,15m,2:48,168,0.1,0.11,0.89,0.9,0.009999999999999995,0.010000000000000009,2743.98,1208.02,1121.6200000000001,2788.15,0.3886538461538462,-0.42624757978090777,0.10695267906462898,0.8912350651094106,0.99,0.010000000000000009
1782171735942,btc-updown-15m-1782171000,15m,2:45,165,0.13,0.14,0.86,0.87,0.010000000000000009,0.010000000000000009,1769.56,896.12,863.66,1720.93,0.327661234656823,-0.3316851028596412,0.1354348968598082,0.864886091970187,0.99,0.010000000000000009
1782171739235,btc-updown-15m-1782171000,15m,2:41,161,0.13,0.14,0.86,0.87,0.010000000000000009,0.010000000000000009,1641.93,1123.56,982.5999999999999,1751.73,0.1874423700682339,-0.2812864577428475,0.13313962826984857,0.8659266897285791,0.99,0.010000000000000009
1782171742560,btc-updown-15m-1782171000,15m,2:38,158,0.12,0.13,0.88,0.89,0.010000000000000009,0.010000000000000009,1773.55,995.8,1190.33,1297.88,0.2808420748551104,-0.043223843646637616,0.12460663223295157,0.8845470545261342,1.0,0.0
1782171745865,btc-updown-15m-1782171000,15m,2:35,155,0.11,0.12,0.88,0.89,0.009999999999999995,0.010000000000000009,1448.27,1455.11,1564.5,1474.27,-0.0023558748768676223,0.029692934970399213,0.11039646233607807,0.8896094923400419,0.99,0.010000000000000009
1782171749177,btc-updown-15m-1782171000,15m,2:31,151,0.1,0.11,0.89,0.9,0.009999999999999995,0.010000000000000009,1768.25,1282.38,1332.96,1759.25,0.15926874121083182,-0.13785933038183046,0.10383189612449202,0.8952499388688999,0.99,0.010000000000000009
1782171752512,btc-updown-15m-1782171000,15m,2:28,148,0.09,0.1,0.9,0.91,0.010000000000000009,0.010000000000000009,3259.27,1172.06,1303.8999999999999,3259.27,0.4710120889213848,-0.4285113199815041,0.09606760098928278,0.9048832972073008,0.99,0.010000000000000009
1782171755883,btc-updown-15m-1782171000,15m,2:25,145,0.11,0.12,0.88,0.89,0.009999999999999995,0.010000000000000009,1811.68,485.14,726.08,2365.88,0.5775550543795334,-0.5303432127194402,0.11385964912280702,0.88060278313585,0.99,0.010000000000000009
1782171759182,btc-updown-15m-1782171000,15m,2:21,141,0.12,0.13,0.87,0.88,0.010000000000000009,0.010000000000000009,1479.2,1316.32,1313.32,1480.2,0.05826465201465206,-0.059738251381769275,0.1207197411003236,0.8792894568690096,0.99,0.010000000000000009
1782171762467,btc-updown-15m-1782171000,15m,2:18,138,0.12,0.13,0.87,0.88,0.010000000000000009,0.010000000000000009,2217.25,1069.64,1080.34,2207.25,0.3491476745494981,-0.3427769277799239,0.12922782235164132,0.8707721776483587,0.99,0.010000000000000009
1782171765819,btc-updown-15m-1782171000,15m,2:15,135,0.11,0.12,0.88,0.89,0.009999999999999995,0.010000000000000009,1505.83,1364.83,1439.8300000000002,1269.85,0.04911762451840344,0.06273065454223385,0.11604667634051961,0.8883015778505507,0.99,0.010000000000000009
1782171769179,btc-updown-15m-1782171000,15m,2:11,131,0.11,0.12,0.88,0.89,0.009999999999999995,0.010000000000000009,1493.0,1441.61,1416.61,1473.0,0.01751169661386014,-0.01951474420423521,0.11050624901123242,0.8896405816043131,0.99,0.010000000000000009
1782171772528,btc-updown-15m-1782171000,15m,2:08,128,0.08,0.09,0.92,0.93,0.009999999999999995,0.010000000000000009,2068.14,1912.15,2011.82,2638.99,0.03919061173934557,-0.13485177850739977,0.08043219643694327,0.9287856709168184,1.0,0.0
1782171775834,btc-updown-15m-1782171000,15m,2:05,125,0.06,0.07,0.93,0.94,0.010000000000000009,0.009999999999999898,4461.84,2171.5099999999998,2105.5099999999998,4440.84,0.3452750118718295,-0.35673772407524806,0.06355436031505504,0.9368558342352516,0.99,0.010000000000000009
1782171779155,btc-updown-15m-1782171000,15m,2:01,121,0.06,0.07,0.93,0.94,0.010000000000000009,0.009999999999999898,4950.78,2212.51,2095.51,4935.81,0.382264294758414,-0.4039497562335379,0.06232479322879168,0.9376811646951773,0.99,0.010000000000000009
1782171782462,btc-updown-15m-1782171000,15m,1:58,118,0.04,0.05,0.96,0.97,0.010000000000000002,0.010000000000000009,9741.8,1827.07,1453.81,9053.57,0.6841402833638895,-0.7232783053434825,0.04061633637412184,0.9608753716200273,1.0,0.0
1782171785742,btc-updown-15m-1782171000,15m,1:55,115,0.03,0.04,0.96,0.97,0.010000000000000002,0.010000000000000009,10597.76,1617.55,1617.55,10585.69,0.7351602210668416,-0.7348982729176843,0.03884590946822575,0.9611612726925872,0.99,0.010000000000000009
1782171789064,btc-updown-15m-1782171000,15m,1:51,111,0.03,0.04,0.96,0.97,0.010000000000000002,0.010000000000000009,10601.539999999999,1590.97,1591.97,10596.539999999999,0.7390250243797217,-0.7387752891862911,0.038942071949363034,0.9610579280506371,0.99,0.010000000000000009
1782171792403,btc-updown-15m-1782171000,15m,1:48,108,0.03,0.04,0.96,0.97,0.010000000000000002,0.010000000000000009,10068.54,1646.97,1553.97,10068.54,0.7188393847130856,-0.7325930457362482,0.03808149906777729,0.9614279316473767,0.99,0.010000000000000009
1782171795737,btc-updown-15m-1782171000,15m,1:45,105,0.03,0.04,0.96,0.97,0.010000000000000002,0.010000000000000009,9877.15,1632.6499999999999,1717.66,9877.15,0.7163026290639282,-0.7037191640052748,0.037155769480586076,0.9630819110823208,0.99,0.010000000000000009
1782171799076,btc-updown-15m-1782171000,15m,1:41,101,0.03,0.04,0.96,0.97,0.010000000000000002,0.010000000000000009,9885.119999999999,1520.91,1632.9,9673.12,0.7333147466734701,-0.7111450360073661,0.03753584774485096,0.9626779257303563,0.99,0.010000000000000009
1782171802419,btc-updown-15m-1782171000,15m,1:38,98,0.03,0.04,0.96,0.97,0.010000000000000002,0.010000000000000009,8826.48,1864.88,1749.88,8996.48,0.6511426048697265,-0.6743306570783036,0.03325752499573003,0.9655333104842045,0.99,0.010000000000000009
1782171805731,btc-updown-15m-1782171000,15m,1:35,95,0.03,0.04,0.96,0.97,0.010000000000000002,0.010000000000000009,9674.18,1151.58,968.37,9897.1,0.7872518880891504,-0.821752763571203,0.03959111483017002,0.9608457928625995,0.99,0.010000000000000009
1782171809032,btc-updown-15m-1782171000,15m,1:31,91,0.03,0.04,0.96,0.97,0.010000000000000002,0.010000000000000009,9348.44,1741.93,1832.84,9346.36,0.6858662064475757,-0.6720981823386288,0.033242318656952805,0.9671388312742357,0.99,0.010000000000000009
1782171812384,btc-updown-15m-1782171000,15m,1:28,88,0.03,0.04,0.96,0.97,0.010000000000000002,0.010000000000000009,8547.9,1862.01,1716.0900000000001,9025.82,0.6422620368475808,-0.6804869897439095,0.03053977992288858,0.9693836535684556,0.99,0.010000000000000009
1782171815704,btc-updown-15m-1782171000,15m,1:25,85,0.02,0.03,0.97,0.98,0.009999999999999998,0.010000000000000009,8503.81,1361.48,1361.48,8503.81,0.723985812885379,-0.723985812885379,0.029731344620621696,0.9702686553793782,0.99,0.010000000000000009
1782171819122,btc-updown-15m-1782171000,15m,1:21,81,0.02,0.03,0.97,0.98,0.009999999999999998,0.010000000000000009,7951.54,1310.8500000000001,1452.44,8584.130000000001,0.7169521041545432,-0.7105704438867062,0.028072614654717977,0.9709385302776287,0.99,0.010000000000000009
1782171822452,btc-updown-15m-1782171000,15m,1:18,78,0.02,0.03,0.97,0.98,0.009999999999999998,0.010000000000000009,8883.61,1312.7,1676.7,8784.61,0.7425146940412757,-0.6794474114618533,0.028716821569119984,0.9732103958781714,0.99,0.010000000000000009
1782171825780,btc-updown-15m-1782171000,15m,1:15,75,0.02,0.03,0.97,0.98,0.009999999999999998,0.010000000000000009,8230.09,1854.52,1784.13,8625.99,0.6322078890507417,-0.657231616926606,0.02500064262189734,0.9747428837924741,0.99,0.010000000000000009
1782171829174,btc-updown-15m-1782171000,15m,1:11,71,0.02,0.03,0.97,0.98,0.009999999999999998,0.010000000000000009,7775.1900000000005,2485.48,2633.16,2815.19,0.5155326114181629,-0.03341011498894164,0.024489646508012546,0.9757647512027996,0.99,0.010000000000000009
1782171832541,btc-updown-15m-1782171000,15m,1:08,68,0.01,0.02,0.98,0.99,0.01,0.010000000000000009,2112.21,2413.83,2181.08,2126.21,-0.06664103719808041,0.012738868290734985,0.018649508599508598,0.9800830220008302,0.99,0.010000000000000009
1782171835978,btc-updown-15m-1782171000,15m,1:05,65,0.01,0.02,0.98,0.99,0.01,0.010000000000000009,2078.19,2502.44,2661.14,2432.22,-0.09261826429988888,0.04494479086496931,0.01882765973714839,0.9815221460415279,0.99,0.010000000000000009
1782171839371,btc-updown-15m-1782171000,15m,1:01,61,0.01,0.02,0.98,0.99,0.01,0.010000000000000009,2396.19,2391.44,2545.04,2375.17,0.0009921401612071109,0.03452494913834976,0.019000856440961916,0.981462856198062,0.99,0.010000000000000009
1782171842753,btc-updown-15m-1782171000,15m,0:58,58,0.01,0.02,0.98,0.99,0.01,0.010000000000000009,1890.05,2303.25,2303.25,1855.05,-0.0985381441823862,0.10778443113772455,0.01866462816433935,0.9813772346537506,0.99,0.010000000000000009
1782171846169,btc-updown-15m-1782171000,15m,0:54,54,0.01,0.02,0.98,0.99,0.01,0.010000000000000009,676.54,2427.95,2286.25,669.54,-0.5641538545783688,0.5469637558825221,0.01604847433685283,0.9831034269645561,0.99,0.010000000000000009
1782171849625,btc-updown-15m-1782171000,15m,0:51,51,0.01,0.02,0.98,0.99,0.01,0.010000000000000009,578.13,2306.25,1995.25,578.13,-0.5991304890479062,0.5506843140150307,0.01657399194923927,0.9834260080507607,0.99,0.010000000000000009
1782171853063,btc-updown-15m-1782171000,15m,0:47,47,,0.01,0.99,,,,0.0,4552.35,4481.78,0.0,,,,,0.99,0.010000000000000009
1782171856445,btc-updown-15m-1782171000,15m,0:44,44,,0.01,0.99,,,,0.0,4509.78,4514.87,0.0,,,,,0.99,0.010000000000000009
1782171859811,btc-updown-15m-1782171000,15m,0:41,41,,0.01,0.99,,,,0.0,4719.39,4724.39,0.0,,,,,0.99,0.010000000000000009
1782171863256,btc-updown-15m-1782171000,15m,0:37,37,,0.01,0.99,,,,0.0,5137.42,5137.42,0.0,,,,,0.99,0.010000000000000009
1782171866886,btc-updown-15m-1782171000,15m,0:34,34,,0.01,0.99,,,,0.0,4907.83,4895.03,0.0,,,,,0.99,0.010000000000000009
1782171870471,btc-updown-15m-1782171000,15m,0:30,30,,0.01,0.99,,,,0.0,4719.33,4719.33,0.0,,,,,0.99,0.010000000000000009
1782171874178,btc-updown-15m-1782171000,15m,0:26,26,0.001,0.002,0.996,0.999,0.001,0.0030000000000000027,210.0,247.05,287.46,253.99,-0.08106334099113885,0.06181549542894075,0.0019767441860465114,0.9960557573415764,0.997,0.0030000000000000027
1782171878188,btc-updown-15m-1782171000,15m,0:22,22,0.001,0.002,0.998,0.999,0.001,0.0010000000000000009,304.99,101.09,32.61,304.99,0.5021178092986603,-0.8068127962085307,0.0019838704474337884,0.9980161295525662,0.999,0.0010000000000000009
1782171881581,btc-updown-15m-1782171000,15m,0:19,19,0.001,0.002,0.998,0.999,0.001,0.0010000000000000009,304.99,101.09,239.6,316.99,0.5021178092986603,-0.13904310174455167,0.0019838704474337884,0.99801552843256,0.999,0.0010000000000000009
1782171885041,btc-updown-15m-1782171000,15m,0:15,15,0.001,0.002,0.998,0.999,0.001,0.0010000000000000009,304.99,111.09,111.09,304.99,0.4660161507402422,-0.4660161507402422,0.0019531235351104724,0.9980468764648895,0.999,0.0010000000000000009
1782171888360,btc-updown-15m-1782171000,15m,0:12,12,0.001,0.002,0.998,0.999,0.001,0.0010000000000000009,298.94,110.9,110.9,298.94,0.45881319539332416,-0.45881319539332416,0.0019522201694591322,0.9980477798305409,0.999,0.0010000000000000009
1782171891697,btc-updown-15m-1782171000,15m,0:09,9,0.001,0.002,0.998,0.999,0.001,0.0010000000000000009,298.94,110.9,251.60000000000002,298.94,0.45881319539332416,-0.08598830239401312,0.0019522201694591322,0.9980477798305409,0.999,0.0010000000000000009
1782171895093,btc-updown-15m-1782171000,15m,0:05,5,0.001,0.002,0.999,,0.001,,185.07,258.8,363.03000000000003,0.0,-0.1661071935476604,,0.0019250262408157144,,1.0,0.0
1782171898372,btc-updown-15m-1782171000,15m,0:02,2,,0.001,0.999,,,,0.0,6357.81,6357.81,0.0,,,,,0.999,0.0010000000000000009
